Name,FileName,ExportName
String,String,String
AmberStill,brawlerface.sc,amber_def_still
AmberWin,brawlerface.sc,amber_def_win
AmberWinLoop,brawlerface.sc,amber_def_winLoop
AmberLose,brawlerface.sc,amber_def_lose
AmberLoseLoop,brawlerface.sc,amber_def_loseLoop
Amber002Still,brawlerface.sc,amber_002_still
Amber002Win,brawlerface.sc,amber_002_win
Amber002WinLoop,brawlerface.sc,amber_002_winLoop
Amber002Lose,brawlerface.sc,amber_002_lose
Amber002LoseLoop,brawlerface.sc,amber_002_loseLoop
ArcadeIntro,brawlerface.sc,arcade_def_intro
ArcadeStill,brawlerface.sc,arcade_def_still
ArcadeWin,brawlerface.sc,arcade_def_win
ArcadeWinLoop,brawlerface.sc,arcade_def_winLoop
ArcadeLose,brawlerface.sc,arcade_def_lose
ArcadeLooseLoop,brawlerface.sc,arcade_def_loseLoop
Arcade002Intro,brawlerface.sc,arcade_002_intro
Arcade002Still,brawlerface.sc,arcade_002_still
Arcade002Win,brawlerface.sc,arcade_002_win
Arcade002WinLoop,brawlerface.sc,arcade_002_winLoop
Arcade002Lose,brawlerface.sc,arcade_002_lose
ArcadeVirusFace,brawlerface.sc,arcade_003_angry
ArcadeVirusFaceloop,brawlerface.sc,arcade_003_angryloop
ArcadeVirusLose,brawlerface.sc,arcade_003_gameover
ArcadeVirusLoseloop,brawlerface.sc,arcade_003_gameover_loop
Arcade004Intro,brawlerface.sc,arcade_004_intro
Arcade004Still,brawlerface.sc,arcade_004_still
Arcade004Win,brawlerface.sc,arcade_004_win
Arcade004WinLoop,brawlerface.sc,arcade_004_winLoop
Arcade004Lose,brawlerface.sc,arcade_004_lose
Arcade004LoseLoop,brawlerface.sc,arcade_004_loseLoop
AshWin,brawlerface.sc,ash_def_win
AshWinLoop,brawlerface.sc,ash_def_winLoop
AshLose,brawlerface.sc,ash_def_lose
AshLoseLoop,brawlerface.sc,ash_def_loseLoop
AshStill,brawlerface.sc,ash_def_still
Ash002Win,brawlerface.sc,ash_002_win
Ash002WinLoop,brawlerface.sc,ash_002_winLoop
Ash002Lose,brawlerface.sc,ash_002_lose
Ash002LoseLoop,brawlerface.sc,ash_002_loseLoop
Ash002Still,brawlerface.sc,ash_002_still
BarleyWin,brawlerface.sc,barley_def_win
BarleyWinLoop,brawlerface.sc,barley_def_winLoop
BarleyLose,brawlerface.sc,barley_def_lose
BarleyLoseLoop,brawlerface.sc,barley_def_loseLoop
BarleyStill,brawlerface.sc,barley_def_still
Barley003Win,brawlerface.sc,barley_003_win
Barley003WinLoop,brawlerface.sc,barley_003_winLoop
Barley003Lose,brawlerface.sc,barley_003_lose
Barley003LoseLoop,brawlerface.sc,barley_003_loseLoop
Barley003Still,brawlerface.sc,barley_003_still
Barley004Win,brawlerface.sc,barley_004_win
Barley004WinLoop,brawlerface.sc,barley_004_winLoop
Barley004Lose,brawlerface.sc,barley_004_lose
Barley004LoseLoop,brawlerface.sc,barley_004_loseLoop
Barley004Still,brawlerface.sc,barley_004_still
BeaWin,brawlerface.sc,bea_def_win
BeaWinLoop,brawlerface.sc,bea_def_winLoop
BeaLose,brawlerface.sc,bea_def_lose
BeaLoseLoop,brawlerface.sc,bea_def_loseLoop
BeaStill,brawlerface.sc,bea_def_still
Bea002Still,brawlerface.sc,bea_002_still
Bea002Win,brawlerface.sc,bea_002_win
Bea002WinLoop,brawlerface.sc,bea_002_winLoop
Bea002Lose,brawlerface.sc,bea_002_lose
Bea002LoseLoop,brawlerface.sc,bea_002_loseLoop
Bea003Still,brawlerface.sc,bea_003_still
Bea003Win,brawlerface.sc,bea_003_win
Bea003WinLoop,brawlerface.sc,bea_003_winLoop
Bea003Lose,brawlerface.sc,bea_003_lose
Bea003LoseLoop,brawlerface.sc,bea_003_loseLoop
Bea004Still,brawlerface.sc,bea_004_still
Bea004Win,brawlerface.sc,bea_004_win
Bea004WinLoop,brawlerface.sc,bea_004_winLoop
Bea004Lose,brawlerface.sc,bea_004_lose
Bea004LoseLoop,brawlerface.sc,bea_004_loseLoop
BarleyMsFace,brawlerface.sc,barley_ms_face
BarleyMsLose,brawlerface.sc,barley_ms_lose
BarleyMsLoseloop,brawlerface.sc,barley_ms_loseloop
BelleWin,brawlerface.sc,belle_def_win
BelleWinLoop,brawlerface.sc,belle_def_winLoop
BelleLose,brawlerface.sc,belle_def_lose
BelleLoseLoop,brawlerface.sc,belle_def_loseLoop
BelleStill,brawlerface.sc,belle_def_still
Belle002Win,brawlerface.sc,belle_002_win
Belle002WinLoop,brawlerface.sc,belle_002_winLoop
Belle002Lose,brawlerface.sc,belle_002_lose
Belle002LoseLoop,brawlerface.sc,belle_002_loseLoop
Belle002Still,brawlerface.sc,belle_002_still
BibiWin,brawlerface.sc,bibi_def_win
BibiWinLoop,brawlerface.sc,bibi_def_winLoop
BibiLose,brawlerface.sc,bibi_def_lose
BibiLoseLoop,brawlerface.sc,bibi_def_loseLoop
BibiStill,brawlerface.sc,bibi_def_still
Bibi002Win,brawlerface.sc,bibi_002_win
Bibi002WinLoop,brawlerface.sc,bibi_002_winLoop
Bibi002Lose,brawlerface.sc,bibi_002_lose
Bibi002LoseLoop,brawlerface.sc,bibi_002_loseLoop
Bibi002Still,brawlerface.sc,bibi_002_still
Bibi003Win,brawlerface.sc,bibi_003_win
Bibi003WinLoop,brawlerface.sc,bibi_003_face
Bibi003Lose,brawlerface.sc,bibi_003_lose
Bibi003LoseLoop,brawlerface.sc,bibi_003_loseLoop
Bibi003Still,brawlerface.sc,bibi_003_still
Bibi004Win,brawlerface.sc,bibi_004_win
Bibi004WinLoop,brawlerface.sc,bibi_004_winLoop
Bibi004Lose,brawlerface.sc,bibi_004_lose
Bibi004LoseLoop,brawlerface.sc,bibi_004_loseLoop
Bibi004Still,brawlerface.sc,bibi_004_still
Bibi005Win,brawlerface.sc,bibi_005_win
Bibi005WinLoop,brawlerface.sc,bibi_005_winLoop
Bibi005Lose,brawlerface.sc,bibi_005_lose
Bibi005LoseLoop,brawlerface.sc,bibi_005_loseLoop
Bibi005Still,brawlerface.sc,bibi_005_still
BullWin,brawlerface.sc,bull_def_win
BullWinLoop,brawlerface.sc,bull_def_winLoop
BullLose,brawlerface.sc,bull_def_lose
BullLoseLoop,brawlerface.sc,bull_def_loseLoop
BullStill,brawlerface.sc,bull_def_still
Bull002Win,brawlerface.sc,bull_002_win
Bull002WinLoop,brawlerface.sc,bull_002_winLoop
Bull002Lose,brawlerface.sc,bull_002_lose
Bull002LoseLoop,brawlerface.sc,bull_002_loseLoop
Bull002Still,brawlerface.sc,bull_002_still
Bull004Win,brawlerface.sc,bull_004_win
Bull004WinLoop,brawlerface.sc,bull_004_winLoop
Bull004Lose,brawlerface.sc,bull_004_lose
Bull004LoseLoop,brawlerface.sc,bull_004_loseLoop
Bull004Still,brawlerface.sc,bull_004_still
CarlWin,brawlerface.sc,carl_def_win
CarlWinLoop,brawlerface.sc,carl_def_winLoop
CarlLose,brawlerface.sc,carl_def_lose
CarlLoseLoop,brawlerface.sc,carl_def_loseLoop
CarlStill,brawlerface.sc,carl_def_still
Carl002Win,brawlerface.sc,carl_002_win
Carl002WinLoop,brawlerface.sc,carl_002_winLoop
Carl002Lose,brawlerface.sc,carl_002_lose
Carl002LoseLoop,brawlerface.sc,carl_002_loseLoop
Carl002Still,brawlerface.sc,carl_002_still
Carl003Win,brawlerface.sc,carl_003_win
Carl003WinLoop,brawlerface.sc,carl_003_winLoop
Carl003Lose,brawlerface.sc,carl_003_lose
Carl003LoseLoop,brawlerface.sc,carl_003_loseLoop
Carl003Still,brawlerface.sc,carl_003_still
Carl004Win,brawlerface.sc,carl_004_win
Carl004WinLoop,brawlerface.sc,carl_004_winLoop
Carl004Lose,brawlerface.sc,carl_004_lose
Carl004LoseLoop,brawlerface.sc,carl_004_loseLoop
Carl004Still,brawlerface.sc,carl_004_still
Carl005WinLoop,brawlerface.sc,carl_005_winLoop
Carl005Still,brawlerface.sc,carl_005_still
Carl006Win,brawlerface.sc,carl_006_win
Carl006WinLoop,brawlerface.sc,carl_006_winLoop
Carl006Lose,brawlerface.sc,carl_006_lose
Carl006LoseLoop,brawlerface.sc,carl_006_loseLoop
Carl006Still,brawlerface.sc,carl_006_still
ColtFace,brawlerface.sc,colt_face
ColtStill,brawlerface.sc,colt_still
ColtHappy,brawlerface.sc,colt_happy
ColtSad,brawlerface.sc,colt_sad
ColtSadLoop,brawlerface.sc,colt_sadLoop
Colt002Face,brawlerface.sc,colt_002_face
Colt002Still,brawlerface.sc,colt_002_still
Colt002Happy,brawlerface.sc,colt_002_happy
Colt002Sad,brawlerface.sc,colt_002_sad
Colt003Still,brawlerface.sc,colt_003_still
Colt003Win,brawlerface.sc,colt_003_win
Colt003WinLoop,brawlerface.sc,colt_003_winLoop
Colt003Lose,brawlerface.sc,colt_003_lose
Colt003LoseLoop,brawlerface.sc,colt_003_loseLoop
Colt004Still,brawlerface.sc,colt_004_still
Colt004Win,brawlerface.sc,colt_004_win
Colt004WinLoop,brawlerface.sc,colt_004_winLoop
CrowFace,brawlerface.sc,crow_def_face
CrowHappy,brawlerface.sc,crow_def_happy
CrowSad,brawlerface.sc,crow_def_sad
Crow002Face,brawlerface.sc,crow_002_face
Crow002Happy,brawlerface.sc,crow_002_happy
Crow002Sad,brawlerface.sc,crow_002_sad
Crow004Still,brawlerface.sc,crow_004_still
Crow004Win,brawlerface.sc,crow_004_win
Crow004WinLoop,brawlerface.sc,crow_004_winLoop
Crow004Lose,brawlerface.sc,crow_004_lose
Crow004LoseLoop,brawlerface.sc,crow_004_loseLoop
DarrylStill,brawlerface.sc,darryl_def_still
DarrylWin,brawlerface.sc,darryl_def_win
DarrylWinLoop,brawlerface.sc,darryl_def_winLoop
DarrylLose,brawlerface.sc,darryl_def_lose
DarrylLoseLoop,brawlerface.sc,darryl_def_loseLoop
DynaStill,brawlerface.sc,dyna_def_still
DynaWin,brawlerface.sc,dyna_def_win
DynaWinLoop,brawlerface.sc,dyna_def_winLoop
DynaLose,brawlerface.sc,dyna_def_lose
DynaLoseLoop,brawlerface.sc,dyna_def_loseLoop
Dyna002Still,brawlerface.sc,dyna_002_still
Dyna002Win,brawlerface.sc,dyna_002_win
Dyna002WinLoop,brawlerface.sc,dyna_002_winLoop
Dyna002Lose,brawlerface.sc,dyna_002_lose
Dyna002LoseLoop,brawlerface.sc,dyna_002_loseLoop
Dyna003Still,brawlerface.sc,dyna_003_still
Dyna003Win,brawlerface.sc,dyna_003_win
Dyna003WinLoop,brawlerface.sc,dyna_003_winLoop
Dyna003Lose,brawlerface.sc,dyna_003_lose
Dyna003LoseLoop,brawlerface.sc,dyna_003_loseLoop
EdgarWin,brawlerface.sc,edgar_def_win
EdgarWinLoop,brawlerface.sc,edgar_def_winLoop
EdgarLose,brawlerface.sc,edgar_def_lose
EdgarLoseLoop,brawlerface.sc,edgar_def_loseLoop
EdgarStill,brawlerface.sc,edgar_def_still
Edgar002Win,brawlerface.sc,edgar_002_win
Edgar002WinLoop,brawlerface.sc,edgar_002_winLoop
Edgar002Lose,brawlerface.sc,edgar_002_lose
Edgar002LoseLoop,brawlerface.sc,edgar_002_loseLoop
Edgar002Still,brawlerface.sc,edgar_002_still
EmzStill,brawlerface.sc,emz_def_still
EmzWin,brawlerface.sc,emz_def_win
EmzWinLoop,brawlerface.sc,emz_def_winLoop
EmzLose,brawlerface.sc,emz_def_lose
EmzLoseLoop,brawlerface.sc,emz_def_loseLoop
Emz002Still,brawlerface.sc,emz_002_still
Emz002Win,brawlerface.sc,emz_002_win
Emz002WinLoop,brawlerface.sc,emz_002_winLoop
Emz002Lose,brawlerface.sc,emz_002_lose
Emz002LoseLoop,brawlerface.sc,emz_002_loseLoop
FrankWin,brawlerface.sc,frank_def_win
FrankWinLoop,brawlerface.sc,frank_def_winLoop
FrankLose,brawlerface.sc,frank_def_lose
FrankLoseLoop,brawlerface.sc,frank_def_loseLoop
FrankStill,brawlerface.sc,frank_def_still
FrankDJIdle,brawlerface.sc,dj_idle
FrankDJWin,brawlerface.sc,dj_win
FrankDJWinLoop,brawlerface.sc,dj_winLoop
Frank003Win,brawlerface.sc,frank_003_win
Frank003Still,brawlerface.sc,frank_def_still
JackyWin,brawlerface.sc,jacky_def_win
JackyWinLoop,brawlerface.sc,jacky_def_winLoop
JackyLose,brawlerface.sc,jacky_def_lose
JackyLoseLoop,brawlerface.sc,jacky_def_loseLoop
JackyStill,brawlerface.sc,jacky_def_still
Jacky002Win,brawlerface.sc,jacky_002_win
Jacky002WinLoop,brawlerface.sc,jacky_002_winloop
Jacky002Lose,brawlerface.sc,jacky_002_lose
Jacky002LoseLoop,brawlerface.sc,jacky_002_loseloop
Jacky002Still,brawlerface.sc,jacky_002_still
Jacky003Win,brawlerface.sc,jacky_003_win
Jacky003WinLoop,brawlerface.sc,jacky_003_winLoop
Jacky003Lose,brawlerface.sc,jacky_003_lose
Jacky003LoseLoop,brawlerface.sc,jacky_003_loseLoop
Jacky003Still,brawlerface.sc,jacky_003_still
JessieStill,brawlerface.sc,jessie_def_still
JessieIdle,brawlerface.sc,jessie_def_idle
JessieWin,brawlerface.sc,jessie_def_win
JessieWinLoop,brawlerface.sc,jessie_def_winLoop
JessieLose,brawlerface.sc,jessie_def_lose
JessieLoseLoop,brawlerface.sc,jessie_def_loseLoop
JessieRenewIdle,brawlerface.sc,jessie_def_idle_renew
JessieRenewStill,brawlerface.sc,jessie_def_still_renew
JessieRenewWin,brawlerface.sc,jessie_def_win_renew
JessieRenewWinLoop,brawlerface.sc,jessie_def_winLoop_renew
JessieRenewLose,brawlerface.sc,jessie_def_lose_renew
JessieRenewLoseLoop,brawlerface.sc,jessie_def_loseLoop_renew
Jessie002Still,brawlerface.sc,jessie_002_still
Jessie002Win,brawlerface.sc,jessie_002_win
Jessie002WinLoop,brawlerface.sc,jessie_002_winLoop
Jessie002Lose,brawlerface.sc,jessie_002_lose
Jessie002LoseLoop,brawlerface.sc,jessie_002_loseLoop
Jessie003Still,brawlerface.sc,jessie_003_still
Jessie003Win,brawlerface.sc,jessie_003_win
Jessie003WinLoop,brawlerface.sc,jessie_003_winLoop
Jessie003Lose,brawlerface.sc,jessie_003_lose
Jessie003LoseLoop,brawlerface.sc,jessie_003_loseLoop
TaraStill,brawlerface.sc,tara_def_still
TaraWin,brawlerface.sc,tara_def_win
TaraWinLoop,brawlerface.sc,tara_def_winLoop
TaraLose,brawlerface.sc,tara_def_lose
TaraLoseLoop,brawlerface.sc,tara_def_loseLoop
Tara002Still,brawlerface.sc,tara_002_still
Tara002Win,brawlerface.sc,tara_002_win
Tara002WinLoop,brawlerface.sc,tara_002_winLoop
Tara002Lose,brawlerface.sc,tara_002_lose
Tara002LoseLoop,brawlerface.sc,tara_002_loseLoop
Tara003Still,brawlerface.sc,tara_003_still
Tara003Win,brawlerface.sc,tara_003_win
Tara003WinLoop,brawlerface.sc,tara_003_winLoop
Tara003Lose,brawlerface.sc,tara_003_lose
Tara003LoseLoop,brawlerface.sc,tara_003_loseLoop
MaxWin,brawlerface.sc,max_def_win
MaxWinLoop,brawlerface.sc,max_def_winLoop
MaxLose,brawlerface.sc,max_def_lose
MaxLoseLoop,brawlerface.sc,max_def_loseLoop
MaxStill,brawlerface.sc,max_def_still
Max002Win,brawlerface.sc,max_002_win
Max002WinLoop,brawlerface.sc,max_002_winLoop
Max002Lose,brawlerface.sc,max_002_lose
Max002LoseLoop,brawlerface.sc,max_002_loseLoop
Max002Still,brawlerface.sc,max_002_still
Max003Win,brawlerface.sc,max_003_win
Max003WinLoop,brawlerface.sc,max_003_winLoop
Max003Lose,brawlerface.sc,max_003_lose
Max003LoseLoop,brawlerface.sc,max_003_loseLoop
Max003Still,brawlerface.sc,max_003_still
MegStill,brawlerface.sc,meg_def_still
MegWin,brawlerface.sc,meg_def_win
MegWinLoop,brawlerface.sc,meg_def_winLoop
MegLose,brawlerface.sc,meg_def_loseLoop
MegLoseLoop,brawlerface.sc,meg_def_loseLoop
MrPPetOff,brawlerface.sc,mrp_pet_off
MrPPetOn,brawlerface.sc,mrp_pet_on
MrPAgentpPetOff,brawlerface.sc,mrp_agentp_pet_off
MrPAgentpPetOn,brawlerface.sc,mrp_agentp_pet_on
NaniStill,brawlerface.sc,nani_def_still
NaniWin,brawlerface.sc,nani_def_win
NaniWinLoop,brawlerface.sc,nani_def_winLoop
NaniLose,brawlerface.sc,nani_def_lose
NaniLoseLoop,brawlerface.sc,nani_def_loseLoop
Nani002Still,brawlerface.sc,nani_002_still
Nani002Win,brawlerface.sc,nani_002_win
Nani002WinLoop,brawlerface.sc,nani_002_winLoop
Nani002Lose,brawlerface.sc,nani_002_lose
Nani002LoseLoop,brawlerface.sc,nani_002_loseLoop
Nani003Still,brawlerface.sc,nani_003_still
Nani003Win,brawlerface.sc,nani_003_win
Nani003WinLoop,brawlerface.sc,nani_003_winLoop
Nani003Lose,brawlerface.sc,nani_003_lose
Nani003LoseLoop,brawlerface.sc,nani_003_loseLoop
NitaStill,brawlerface.sc,nita_def_still
NitaWin,brawlerface.sc,nita_def_win
NitaWinLoop,brawlerface.sc,nita_def_winLoop
NitaLose,brawlerface.sc,nita_def_lose
NitaLoseLoop,brawlerface.sc,nita_def_loseLoop
Nita002Still,brawlerface.sc,nita_002_still
Nita002Win,brawlerface.sc,nita_002_win
Nita002WinLoop,brawlerface.sc,nita_002_winLoop
Nita002Lose,brawlerface.sc,nita_002_lose
Nita002LoseLoop,brawlerface.sc,nita_002_loseLoop
Nita003Still,brawlerface.sc,nita_003_still
Nita003Win,brawlerface.sc,nita_003_win
Nita003WinLoop,brawlerface.sc,nita_003_winLoop
Nita003Lose,brawlerface.sc,nita_003_lose
Nita003LoseLoop,brawlerface.sc,nita_003_loseLoop
PamFace,brawlerface.sc,pam_def_face
PamStill,brawlerface.sc,pam_def_still
PamHappy,brawlerface.sc,pam_def_happy
Pam002Win,brawlerface.sc,pam_002_win
Pam002WinLoop,brawlerface.sc,pam_002_winLoop
Pam002Lose,brawlerface.sc,pam_002_lose
Pam002LoseLoop,brawlerface.sc,pam_002_loseLoop
Pam002Still,brawlerface.sc,pam_002_still
PennyFace,brawlerface.sc,penny_face
Penny002Face,brawlerface.sc,penny_002_face
PiperStillOpen,brawlerface.sc,piper_still_open
PiperStillClosed,brawlerface.sc,piper_still_close
PiperWin,brawlerface.sc,piper_win
PiperWinLoop,brawlerface.sc,piper_winLoop
PiperLose,brawlerface.sc,piper_lose
PiperLoseLoop,brawlerface.sc,piper_loseLoop
Piper002StillOpen,brawlerface.sc,piper_002_stillOpen
Piper002StillClosed,brawlerface.sc,piper_002_stillClosed
Piper002Win,brawlerface.sc,piper_002_win
Piper002WinLoop,brawlerface.sc,piper_002_winLoop
Piper002Lose,brawlerface.sc,piper_002_lose
Piper002LoseLoop,brawlerface.sc,piper_002_loseLoop
Piper003Win,brawlerface.sc,piper_003_win
Piper003WinLoop,brawlerface.sc,piper_003_winLoop
Piper003Lose,brawlerface.sc,piper_003_lose
Piper003LoseLoop,brawlerface.sc,piper_003_loseLoop
Piper004Win,brawlerface.sc,piper_004_win
Piper004WinLoop,brawlerface.sc,piper_004_winLoop
Piper004Lose,brawlerface.sc,piper_004_lose
Piper004LoseLoop,brawlerface.sc,piper_004_loseLoop
Piper004Still,brawlerface.sc,piper_004_still
RosaWin,brawlerface.sc,rosa_def_win
RosaWinLoop,brawlerface.sc,rosa_def_winLoop
RosaLose,brawlerface.sc,rosa_def_lose
RosaLoseLoop,brawlerface.sc,rosa_def_loseLoop
RosaStill,brawlerface.sc,rosa_def_still
Rosa002Win,brawlerface.sc,rosa_002_win
Rosa002WinLoop,brawlerface.sc,rosa_002_winLoop
Rosa002Lose,brawlerface.sc,rosa_002_lose
Rosa002LoseLoop,brawlerface.sc,rosa_002_loseLoop
Rosa002Still,brawlerface.sc,rosa_002_still
Rosa003Win,brawlerface.sc,rosa_003_win
Rosa003WinLoop,brawlerface.sc,rosa_003_winLoop
Rosa003Lose,brawlerface.sc,rosa_003_lose
Rosa003LoseLoop,brawlerface.sc,rosa_003_loseLoop
Rosa003Still,brawlerface.sc,rosa_003_still
SandyIdle,brawlerface.sc,sandy_idle
SandyWin,brawlerface.sc,sandy_win
SandyWinloop,brawlerface.sc,sandy_winloop
SandyWalk,brawlerface.sc,sandy_walk
SandyProfile,brawlerface.sc,sandy_profile
Sandy002Win,brawlerface.sc,sandy_002_win
Sandy002WinLoop,brawlerface.sc,sandy_002_winLoop
Sandy002Lose,brawlerface.sc,sandy_002_lose
Sandy002LoseLoop,brawlerface.sc,sandy_002_loseLoop
Sandy002Still,brawlerface.sc,sandy_002_still
ShellyFace,brawlerface.sc,shelly_face
ShellyStill,brawlerface.sc,shelly_still
ShellyHappy,brawlerface.sc,shelly_happy
ShellySad,brawlerface.sc,shelly_sad
ShellySadLoop,brawlerface.sc,shelly_sadLoop
Shelly002Win,brawlerface.sc,shelly_002_win
Shelly002WinLoop,brawlerface.sc,shelly_002_winLoop
Shelly002Lose,brawlerface.sc,shelly_002_lose
Shelly002LoseLoop,brawlerface.sc,shelly_002_loseLoop
Shelly002Still,brawlerface.sc,shelly_002_still
Shelly003Win,brawlerface.sc,shelly_003_win
Shelly003WinLoop,brawlerface.sc,shelly_003_winLoop
Shelly003Lose,brawlerface.sc,shelly_003_lose
Shelly003LoseLoop,brawlerface.sc,shelly_003_loseLoop
Shelly003Still,brawlerface.sc,shelly_003_still
Shelly004Win,brawlerface.sc,shelly_004_win
Shelly004WinLoop,brawlerface.sc,shelly_004_winLoop
Shelly004Lose,brawlerface.sc,shelly_004_lose
Shelly004LoseLoop,brawlerface.sc,shelly_004_loseLoop
Shelly004Still,brawlerface.sc,shelly_004_still
Stu002Face,brawlerface.sc,stu_002_win
SqueakStill,brawlerface.sc,squeak_def_still
SqueakWin,brawlerface.sc,squeak_def_win
SqueakWinLoop,brawlerface.sc,squeak_def_winLoop
SqueakLose,brawlerface.sc,squeak_def_lose
SqueakLoseLoop,brawlerface.sc,squeak_def_loseLoop
Squeak004Still,brawlerface.sc,squeak_004_still
Squeak004Win,brawlerface.sc,squeak_004_win
Squeak004WinLoop,brawlerface.sc,squeak_004_winLoop
Squeak004Lose,brawlerface.sc,squeak_004_lose
Squeak004LoseLoop,brawlerface.sc,squeak_004_loseLoop
BrownIdle,brawlerface.sc,primo_brown_idle
BrownWin,brawlerface.sc,primo_brown_win
BrownWinLoop,brawlerface.sc,primo_brown_winLoop
BrownLose,brawlerface.sc,primo_brown_lose
BrownLoseLoop,brawlerface.sc,primo_brown_loseLoop
BrownHS,brawlerface.sc,primo_brown_hS
GeneWin,brawlerface.sc,gene_def_win
GeneWinLoop,brawlerface.sc,gene_def_winLoop
GeneLose,brawlerface.sc,gene_def_lose
GeneLoseLoop,brawlerface.sc,gene_def_loseLoop
GeneStill,brawlerface.sc,gene_def_still
Gene002Win,brawlerface.sc,gene_002_win
Gene002WinLoop,brawlerface.sc,gene_002_winLoop
Gene002Lose,brawlerface.sc,gene_002_lose
Gene002LoseLoop,brawlerface.sc,gene_002_loseLoop
Gene002Still,brawlerface.sc,gene_002_still
GeneBazaarHappy,brawlerface.sc,gene_003_happy
GeneBazaarIdle,brawlerface.sc,gene_003_idle
GeneBazaarIntro,brawlerface.sc,gene_003_intro
GeneBazaarSad,brawlerface.sc,gene_003_sad
Gene004Win,brawlerface.sc,gene_004_win
Gene004WinLoop,brawlerface.sc,gene_004_winLoop
Gene004Lose,brawlerface.sc,gene_004_lose
Gene004LoseLoop,brawlerface.sc,gene_004_loseLoop
Gene004Still,brawlerface.sc,gene_004_still
ColetteWin,brawlerface.sc,colette_def_win
ColetteWinLoop,brawlerface.sc,colette_def_winLoop
ColetteLose,brawlerface.sc,colette_def_lose
ColetteLoseLoop,brawlerface.sc,colette_def_loseLoop
ColetteStill,brawlerface.sc,colette_def_still
Colette002Win,brawlerface.sc,colette_002_win
Colette002WinLoop,brawlerface.sc,colette_002_winLoop
Colette002Lose,brawlerface.sc,colette_002_lose
Colette002LoseLoop,brawlerface.sc,colette_002_loseLoop
Colette002Still,brawlerface.sc,colette_002_still
Colette003Win,brawlerface.sc,colette_003_win
Colette003WinLoop,brawlerface.sc,colette_003_winLoop
Colette003Lose,brawlerface.sc,colette_003_lose
Colette003LoseLoop,brawlerface.sc,colette_003_loseLoop
Colette003Still,brawlerface.sc,colette_003_still
Colette004Win,brawlerface.sc,colette_004_win
Colette004WinLoop,brawlerface.sc,colette_004_winLoop
Colette004Lose,brawlerface.sc,colette_004_lose
Colette004LoseLoop,brawlerface.sc,colette_004_loseLoop
Colette004Still,brawlerface.sc,colette_004_still
LouWin,brawlerface.sc,lou_def_win
LouWinLoop,brawlerface.sc,lou_def_winLoop
LouLose,brawlerface.sc,lou_def_lose
LouLoseLoop,brawlerface.sc,lou_def_loseLoop
LouStill,brawlerface.sc,lou_def_still
Lou002Win,brawlerface.sc,lou_002_win
Lou002WinLoop,brawlerface.sc,lou_002_winLoop
Lou002Lose,brawlerface.sc,lou_002_lose
Lou002LoseLoop,brawlerface.sc,lou_002_loseLoop
Lou002Still,brawlerface.sc,lou_002_still
Lou003Lose,brawlerface.sc,lou_003_lose
Lou003LoseLoop,brawlerface.sc,lou_003_loseLoop
Lou004Still,brawlerface.sc,lou_004_still
Lou004Win,brawlerface.sc,lou_004_win
Lou004WinLoop,brawlerface.sc,lou_004_winLoop
Lou004Lose,brawlerface.sc,lou_004_lose
Lou004LoseLoop,brawlerface.sc,lou_004_loseLoop
ByronWin,brawlerface.sc,byron_def_win
ByronWinLoop,brawlerface.sc,byron_def_winLoop
ByronLose,brawlerface.sc,byron_def_lose
ByronLoseLoop,brawlerface.sc,byron_def_loseLoop
ByronStill,brawlerface.sc,byron_def_still
Byron002Win,brawlerface.sc,byron_002_win
Byron002WinLoop,brawlerface.sc,byron_002_winLoop
Byron002Lose,brawlerface.sc,byron_002_lose
Byron002LoseLoop,brawlerface.sc,byron_002_loseLoop
Byron002Still,brawlerface.sc,byron_002_still
RuffsWin,brawlerface.sc,ruffs_def_win
RuffsWinLoop,brawlerface.sc,ruffs_def_winLoop
RuffsLose,brawlerface.sc,ruffs_def_lose
RuffsLoseLoop,brawlerface.sc,ruffs_def_loseLoop
RuffsStill,brawlerface.sc,ruffs_def_still
Bull003Win,brawlerface.sc,bull_003_win
Bull003WinLoop,brawlerface.sc,bull_003_winLoop
Bull003Lose,brawlerface.sc,bull_003_lose
Bull003LoseLoop,brawlerface.sc,bull_003_loseLoop
Bull003Still,brawlerface.sc,bull_003_still
BoWin,brawlerface.sc,bo_def_win
BoWinLoop,brawlerface.sc,bo_def_winLoop
BoLose,brawlerface.sc,bo_def_lose
BoLoseLoop,brawlerface.sc,bo_def_loseLoop
BoStill,brawlerface.sc,bo_def_still
Bo002Win,brawlerface.sc,bo_002_win
Bo002WinLoop,brawlerface.sc,bo_002_winLoop
Bo002Lose,brawlerface.sc,bo_002_lose
Bo002LoseLoop,brawlerface.sc,bo_002_loseLoop
Bo002Still,brawlerface.sc,bo_002_still
Bo003Win,brawlerface.sc,bo_003_win
Bo003WinLoop,brawlerface.sc,bo_003_winLoop
Bo003Lose,brawlerface.sc,bo_003_lose
Bo003LoseLoop,brawlerface.sc,bo_003_loseLoop
Bo003Still,brawlerface.sc,bo_003_still
Bo004Win,brawlerface.sc,bo_004_win
Bo004WinLoop,brawlerface.sc,bo_004_winLoop
Bo004Lose,brawlerface.sc,bo_004_lose
Bo004LoseLoop,brawlerface.sc,bo_004_loseLoop
Bo004Still,brawlerface.sc,bo_004_still
BrockWin,brawlerface.sc,brock_def_win
BrockWinLoop,brawlerface.sc,brock_def_winLoop
BrockLose,brawlerface.sc,brock_def_lose
BrockLoseLoop,brawlerface.sc,brock_def_loseLoop
BrockStill,brawlerface.sc,brock_def_still
Brock002Win,brawlerface.sc,brock_002_win
Brock002WinLoop,brawlerface.sc,brock_002_winLoop
Brock002Lose,brawlerface.sc,brock_002_lose
Brock002LoseLoop,brawlerface.sc,brock_002_loseLoop
Brock002Still,brawlerface.sc,brock_002_still
PrimoWin,brawlerface.sc,primo_def_win
PrimoWinLoop,brawlerface.sc,primo_def_winLoop
PrimoLose,brawlerface.sc,primo_def_lose
PrimoLoseLoop,brawlerface.sc,primo_def_loseLoop
PrimoStill,brawlerface.sc,primo_def_still
Primo002Win,brawlerface.sc,primo_002_win
Primo002WinLoop,brawlerface.sc,primo_002_winLoop
Primo002Lose,brawlerface.sc,primo_002_lose
Primo002LoseLoop,brawlerface.sc,primo_002_loseLoop
Primo002Still,brawlerface.sc,primo_002_still
Primo004Win,brawlerface.sc,primo_004_win
Primo004WinLoop,brawlerface.sc,primo_004_winLoop
Primo004Lose,brawlerface.sc,primo_004_lose
Primo004LoseLoop,brawlerface.sc,primo_004_loseLoop
Primo004Still,brawlerface.sc,primo_004_still
Primo005Win,brawlerface.sc,primo_005_win
Primo005WinLoop,brawlerface.sc,primo_005_winLoop
Primo005Lose,brawlerface.sc,primo_005_lose
Primo005LoseLoop,brawlerface.sc,primo_005_loseLoop
Primo005Still,brawlerface.sc,primo_005_still
Primo006Win,brawlerface.sc,primo_006_win
Primo006WinLoop,brawlerface.sc,primo_006_winLoop
Primo006Lose,brawlerface.sc,primo_006_lose
Primo006LoseLoop,brawlerface.sc,primo_006_loseLoop
Primo006Still,brawlerface.sc,primo_006_still
Primo007Win,brawlerface.sc,primo_007_win
Primo007WinLoop,brawlerface.sc,primo_007_winLoop
Primo007Lose,brawlerface.sc,primo_007_lose
Primo007LoseLoop,brawlerface.sc,primo_007_loseLoop
Primo007Still,brawlerface.sc,primo_007_still
TickWin,brawlerface.sc,tick_def_win
TickWinLoop,brawlerface.sc,tick_def_winLoop
TickLose,brawlerface.sc,tick_def_lose
TickLoseLoop,brawlerface.sc,tick_def_loseLoop
TickStill,brawlerface.sc,tick_def_still
Tick002Win,brawlerface.sc,tick_002_win
Tick002WinLoop,brawlerface.sc,tick_002_winLoop
Tick002Lose,brawlerface.sc,tick_002_lose
Tick002LoseLoop,brawlerface.sc,tick_002_loseLoop
Tick002Still,brawlerface.sc,tick_002_still
Tick003Win,brawlerface.sc,tick_003_win
Tick003WinLoop,brawlerface.sc,tick_003_winLoop
Tick003Lose,brawlerface.sc,tick_003_lose
Tick003LoseLoop,brawlerface.sc,tick_003_loseLoop
Tick003Still,brawlerface.sc,tick_003_still
PocoWin,brawlerface.sc,poco_def_win
PocoWinLoop,brawlerface.sc,poco_def_winLoop
PocoLose,brawlerface.sc,poco_def_lose
PocoLoseLoop,brawlerface.sc,poco_def_loseLoop
PocoStill,brawlerface.sc,poco_def_still
Poco002Win,brawlerface.sc,poco_002_win
Poco002WinLoop,brawlerface.sc,poco_002_winLoop
Poco002Lose,brawlerface.sc,poco_002_lose
Poco002LoseLoop,brawlerface.sc,poco_002_loseLoop
Poco002Still,brawlerface.sc,poco_002_still
Poco003Win,brawlerface.sc,poco_003_win
Poco003WinLoop,brawlerface.sc,poco_003_winLoop
Poco003Lose,brawlerface.sc,poco_003_lose
Poco003LoseLoop,brawlerface.sc,poco_003_loseLoop
Poco003Still,brawlerface.sc,poco_003_still
Poco004Win,brawlerface.sc,poco_004_win
Poco004WinLoop,brawlerface.sc,poco_004_winLoop
Poco004Lose,brawlerface.sc,poco_004_lose
Poco004LoseLoop,brawlerface.sc,poco_004_loseLoop
Poco004Still,brawlerface.sc,poco_004_still
LeonWin,brawlerface.sc,leon_def_win
LeonWinLoop,brawlerface.sc,leon_def_winLoop
LeonLose,brawlerface.sc,leon_def_lose
LeonLoseLoop,brawlerface.sc,leon_def_loseLoop
LeonStill,brawlerface.sc,leon_def_still
Leon002Win,brawlerface.sc,leon_002_win
Leon002WinLoop,brawlerface.sc,leon_002_winLoop
Leon002Lose,brawlerface.sc,leon_002_lose
Leon002LoseLoop,brawlerface.sc,leon_002_loseLoop
Leon002Still,brawlerface.sc,leon_002_still
Leon003Win,brawlerface.sc,leon_003_win
Leon003WinLoop,brawlerface.sc,leon_003_winLoop
Leon003Lose,brawlerface.sc,leon_003_lose
Leon003LoseLoop,brawlerface.sc,leon_003_loseLoop
Leon003Still,brawlerface.sc,leon_003_still
RicoWin,brawlerface.sc,rico_def_win
RicoWinLoop,brawlerface.sc,rico_def_winLoop
RicoLose,brawlerface.sc,rico_def_lose
RicoLoseLoop,brawlerface.sc,rico_def_loseLoop
RicoStill,brawlerface.sc,rico_def_still
Rico002Win,brawlerface.sc,rico_002_win
Rico002WinLoop,brawlerface.sc,rico_002_winLoop
Rico002Lose,brawlerface.sc,rico_002_lose
Rico002LoseLoop,brawlerface.sc,rico_002_loseLoop
Rico002Still,brawlerface.sc,rico_002_still
Rico003Win,brawlerface.sc,rico_003_win
Rico003WinLoop,brawlerface.sc,rico_003_winLoop
Rico003Lose,brawlerface.sc,rico_003_lose
Rico003LoseLoop,brawlerface.sc,rico_003_loseLoop
Rico003Still,brawlerface.sc,rico_003_still
Rico004Win,brawlerface.sc,rico_004_win
Rico004WinLoop,brawlerface.sc,rico_004_winLoop
Rico004Lose,brawlerface.sc,rico_004_lose
Rico004LoseLoop,brawlerface.sc,rico_004_loseLoop
Rico004Still,brawlerface.sc,rico_004_still
LollaWin,brawlerface.sc,lolla_def_win
LollaWinLoop,brawlerface.sc,lolla_def_winLoop
LollaLose,brawlerface.sc,lolla_def_lose
LollaLoseLoop,brawlerface.sc,lolla_def_loseLoop
LollaStill,brawlerface.sc,lolla_def_still
Lolla002Win,brawlerface.sc,lolla_002_win
Lolla002WinLoop,brawlerface.sc,lolla_002_winLoop
Lolla002Lose,brawlerface.sc,lolla_002_lose
Lolla002LoseLoop,brawlerface.sc,lolla_def_loseLoop
Lolla002Still,brawlerface.sc,lolla_002_still
GromWin,brawlerface.sc,grom_def_win
GromWinLoop,brawlerface.sc,grom_def_winLoop
GromLose,brawlerface.sc,grom_def_lose
GromLoseLoop,brawlerface.sc,grom_def_loseLoop
GromStill,brawlerface.sc,grom_def_still
ShellyFaceOLD,brawlerface_old.sc,shelly_face
ShellyBanditFaceOLD,brawlerface_old.sc,shelly_bandit_face
JunkerFaceOLD,brawlerface_old.sc,jessie_face
JunkerDreamyFaceOLD,brawlerface_old.sc,jessie_dreamy_face
ColtFaceOLD,brawlerface_old.sc,colt_face
BullFaceOLD,brawlerface_old.sc,bull_face
PamFaceOLD,brawlerface_old.sc,pam_face
CrowFaceOLD,brawlerface_old.sc,crow_face
TaraFaceOLD,brawlerface_old.sc,tara_face
MortisFaceOLD,brawlerface_old.sc,mortis_face
PennyFaceOLD,brawlerface_old.sc,penny_face
FangWin,brawlerface.sc,fang_def_win
FangWinLoop,brawlerface.sc,fang_def_winLoop
FangLose,brawlerface.sc,fang_def_lose
FangLoseLoop,brawlerface.sc,fang_def_loseLoop
FangStill,brawlerface.sc,fang_def_still
Fang002Win,brawlerface.sc,fang_002_win
Fang002WinLoop,brawlerface.sc,fang_002_winLoop
Fang002Lose,brawlerface.sc,fang_002_lose
Fang002LoseLoop,brawlerface.sc,fang_002_loseLoop
Fang002Still,brawlerface.sc,fang_002_still
Lolla003Win,brawlerface.sc,lolla_003_win
Lolla003WinLoop,brawlerface.sc,lolla_003_winLoop
Lolla003Lose,brawlerface.sc,lolla_003_lose
Lolla003LoseLoop,brawlerface.sc,lolla_003_loseLoop
Lolla003Still,brawlerface.sc,lolla_003_still
BonnieWin,brawlerface.sc,bonnie_def_win
BonnieWinLoop,brawlerface.sc,bonnie_def_winLoop
BonnieLose,brawlerface.sc,bonnie_def_lose
BonnieLoseLoop,brawlerface.sc,bonnie_def_loseLoop
BonnieStill,brawlerface.sc,bonnie_def_still
JanetWin,brawlerface.sc,janet_def_win
JanetWinLoop,brawlerface.sc,janet_def_winLoop
JanetLose,brawlerface.sc,janet_def_lose
JanetLoseLoop,brawlerface.sc,janet_def_loseLoop
JanetStill,brawlerface.sc,janet_def_still
Bonnie002Win,brawlerface.sc,bonnie_002_win
Bonnie002WinLoop,brawlerface.sc,bonnie_002_winLoop
Bonnie002Lose,brawlerface.sc,bonnie_002_lose
Bonnie002LoseLoop,brawlerface.sc,bonnie_002_loseLoop
Bonnie002Still,brawlerface.sc,bonnie_002_still
Janet002Win,brawlerface.sc,janet_002_win
Janet002WinLoop,brawlerface.sc,janet_002_winLoop
Janet002Lose,brawlerface.sc,janet_002_lose
Janet002LoseLoop,brawlerface.sc,janet_002_loseLoop
Janet002Still,brawlerface.sc,janet_002_still
EveWin,brawlerface.sc,eve_def_win
EveWinLoop,brawlerface.sc,eve_def_winLoop
EveLose,brawlerface.sc,eve_def_lose
EveLoseLoop,brawlerface.sc,eve_def_loseLoop
EveStill,brawlerface.sc,eve_def_still
Eve002Win,brawlerface.sc,eve_002_win
Eve002WinLoop,brawlerface.sc,eve_002_winLoop
Eve002Lose,brawlerface.sc,eve_002_lose
Eve002LoseLoop,brawlerface.sc,eve_002_loseLoop
Eve002Still,brawlerface.sc,eve_002_still
OtisStill,brawlerface.sc,otis_def_still
OtisWin,brawlerface.sc,otis_def_win
OtisWinLoop,brawlerface.sc,otis_def_winLoop
OtisLose,brawlerface.sc,otis_def_lose
OtisLoseLoop,brawlerface.sc,otis_def_loseLoop
Otis002Still,brawlerface.sc,otis_002_still
Otis002Win,brawlerface.sc,otis_002_win
Otis002WinLoop,brawlerface.sc,otis_002_winLoop
Otis002Lose,brawlerface.sc,otis_002_lose
Otis002LoseLoop,brawlerface.sc,otis_002_loseLoop
,,
